Student_ID,Previous_Score,Study_Time_Hours,Num_Revisions,Time_Gap_Days,Quiz_Score,Final_Score,Knowledge_Retention_Score,Risk_Level
1,90.99,18.25,5,9,80.96,56.07,52.29,Medium Risk
2,83.87,23.55,9,13,73.34,48.97,47.22,High Risk
3,70.89,17.08,8,9,82.77,56.26,49.54,High Risk
4,60.3,21.92,6,26,93.28,54.91,44.18,High Risk
5,80.47,6.06,9,4,72.19,51.22,48.1,High Risk
6,75.9,27.13,4,17,72.19,49.82,42.14,High Risk
7,83.43,25.01,7,16,93.95,66.79,65.25,Medium Risk
8,79.53,16.83,1,15,84.21,50.68,42.04,High Risk
9,85.74,31.59,6,3,69.37,62.6,58.69,Medium Risk
10,61.97,34.38,3,25,81.51,44.66,39.23,High Risk
11,89.76,8.92,8,20,69.44,54.23,50.24,Medium Risk
12,72.96,17.37,0,5,69.41,45.38,38.8,High Risk
13,100.0,17.31,6,23,77.9,54.84,45.19,High Risk
14,59.66,15.6,5,5,52.04,43.29,30.88,High Risk
15,96.04,33.29,7,20,54.3,54.59,49.01,High Risk
16,72.97,23.06,4,15,68.25,50.48,40.03,High Risk
17,60.23,22.35,0,18,62.85,47.07,39.26,High Risk
18,62.74,4.96,0,15,78.77,47.25,39.88,High Risk
19,65.19,31.35,8,2,64.1,55.82,49.64,High Risk
20,76.36,12.61,9,29,58.05,41.47,31.12,High Risk
21,77.84,25.6,5,13,92.59,57.45,53.2,Medium Risk
22,61.39,27.77,9,4,72.29,58.04,52.5,Medium Risk
23,69.63,38.61,4,10,75.81,60.93,54.2,Medium Risk
24,100.0,11.91,0,13,57.9,43.46,34.0,High Risk
25,95.91,0.0,5,10,68.47,50.99,43.63,High Risk
26,76.54,26.84,5,29,76.33,54.61,47.02,High Risk
27,70.57,43.01,2,9,61.19,51.61,42.85,High Risk
28,71.8,37.39,7,8,79.51,67.59,64.64,Medium Risk
29,79.2,27.1,0,3,67.79,48.55,41.87,High Risk
30,54.66,20.08,0,16,71.5,50.9,43.16,High Risk
31,66.14,33.07,5,14,67.78,57.13,55.4,Medium Risk
32,44.97,15.26,9,9,97.23,57.74,52.7,Medium Risk
33,75.99,29.76,0,30,74.84,34.85,29.74,High Risk
34,79.71,30.05,5,21,62.31,42.95,37.88,High Risk
35,62.75,35.6,0,11,84.87,53.24,51.12,Medium Risk
36,93.61,50.0,5,3,60.35,68.23,62.67,Medium Risk
37,51.61,28.92,2,5,77.51,56.25,50.28,Medium Risk
38,48.03,19.91,7,29,51.48,45.51,40.04,High Risk
39,73.37,24.74,5,10,59.06,49.73,40.94,High Risk
40,85.71,7.31,10,13,77.36,54.48,45.62,High Risk
41,95.26,18.05,0,4,83.86,57.33,50.39,Medium Risk
42,63.12,20.91,4,24,77.06,50.68,43.83,High Risk
43,86.18,19.76,7,13,73.61,53.68,46.52,High Risk
44,69.42,26.52,2,12,71.39,52.27,43.08,High Risk
45,67.41,16.78,5,5,57.26,54.44,49.22,High Risk
46,83.25,36.21,4,10,66.36,51.16,43.88,High Risk
47,79.78,25.0,5,28,69.47,48.67,41.48,High Risk
48,46.35,24.91,9,24,87.69,48.24,44.34,High Risk
49,92.15,21.72,0,9,79.12,55.41,46.98,High Risk
50,90.7,26.55,6,20,53.84,58.08,47.46,High Risk
51,60.62,33.25,8,7,78.89,61.21,58.69,Medium Risk
52,75.94,16.33,1,2,70.38,48.55,38.28,High Risk
53,77.41,18.42,9,22,66.88,48.64,42.91,High Risk
54,73.91,21.96,4,24,82.34,55.79,49.4,High Risk
55,61.75,11.54,9,28,87.37,54.47,44.32,High Risk
56,59.93,16.81,3,23,86.18,48.37,41.76,High Risk
57,69.62,20.24,5,7,64.93,53.37,46.75,High Risk
58,87.59,33.74,5,8,71.29,60.36,59.95,Medium Risk
59,78.15,27.63,10,7,78.98,62.59,59.89,Medium Risk
60,64.44,26.94,1,21,86.71,41.66,36.84,High Risk
61,81.58,33.51,1,23,69.25,52.31,44.31,High Risk
62,27.27,23.63,3,29,72.77,43.56,32.37,High Risk
63,87.23,28.9,0,14,61.72,44.32,35.95,High Risk
64,43.9,23.97,8,26,60.65,42.72,32.68,High Risk
65,64.56,27.65,6,19,84.75,53.82,48.08,High Risk
66,53.2,19.17,6,5,91.27,65.71,60.29,Medium Risk
67,50.58,0.61,2,23,74.14,37.79,26.92,High Risk
68,87.41,23.66,10,25,87.04,51.18,48.94,High Risk
69,62.98,39.23,2,18,79.34,54.38,45.62,High Risk
70,75.2,34.26,0,20,67.26,45.37,37.69,High Risk
71,69.3,34.65,2,12,79.34,47.58,42.66,High Risk
72,77.16,37.36,2,23,93.46,54.63,49.39,High Risk
73,71.15,25.89,3,17,74.57,45.4,41.51,High Risk
74,50.76,26.97,3,13,93.78,49.71,45.26,High Risk
75,84.94,18.82,2,2,43.56,46.33,37.55,High Risk
76,62.59,21.84,9,25,84.86,60.51,55.07,Medium Risk
77,46.65,31.16,7,13,76.04,54.04,46.79,High Risk
78,63.58,37.04,7,26,71.41,53.37,46.7,High Risk
79,92.51,23.61,0,7,76.1,52.2,46.98,High Risk
80,82.75,20.5,6,28,51.15,41.95,32.57,High Risk
81,64.77,25.01,10,10,72.36,59.18,55.06,Medium Risk
82,64.76,31.01,1,23,79.29,44.32,39.47,High Risk
83,65.18,10.56,0,6,92.73,48.44,42.48,High Risk
84,100.0,2.04,2,3,68.78,48.7,38.65,High Risk
85,75.73,19.49,3,26,65.3,45.58,33.0,High Risk
86,76.45,12.79,5,3,68.98,58.02,50.9,Medium Risk
87,85.45,19.92,9,18,85.98,62.65,54.45,Medium Risk
88,73.58,23.52,4,11,78.95,55.46,49.12,High Risk
89,66.11,20.47,3,22,68.64,48.56,36.34,High Risk
90,67.05,39.52,7,20,81.16,65.03,56.16,Medium Risk
91,68.93,28.27,10,5,76.16,63.12,63.23,Medium Risk
92,69.44,28.0,3,19,86.62,52.61,45.21,High Risk
93,80.91,31.22,9,22,66.58,53.44,46.59,High Risk
94,70.78,13.61,1,27,71.07,33.41,22.83,High Risk
95,80.99,35.39,2,28,70.29,53.41,45.53,High Risk
96,68.79,24.24,5,19,57.44,50.11,42.54,High Risk
97,71.18,31.7,7,30,78.55,53.91,49.23,High Risk
98,40.03,14.28,7,15,78.13,51.32,44.21,High Risk
99,83.74,9.46,10,30,75.06,52.2,42.24,High Risk
100,75.2,33.18,8,16,72.18,57.04,50.84,Medium Risk
101,84.97,28.76,6,24,58.02,47.66,38.0,High Risk
102,26.56,15.98,1,9,69.95,34.84,24.24,High Risk
103,100.0,16.3,7,4,70.89,66.78,62.35,Medium Risk
104,67.91,36.25,6,15,65.37,50.96,46.73,High Risk
105,86.62,13.11,7,25,73.06,53.21,47.76,High Risk
106,54.4,41.43,2,12,79.85,53.77,47.47,High Risk
107,79.19,15.99,6,23,97.63,49.96,45.64,High Risk
108,54.2,31.38,9,3,77.09,56.78,53.05,Medium Risk
109,60.64,21.71,8,23,78.09,50.07,41.8,High Risk
110,98.71,31.03,2,14,74.11,62.24,57.48,Medium Risk
111,67.14,19.56,9,17,51.97,46.75,36.42,High Risk
112,73.26,23.37,5,19,74.68,58.79,54.99,Medium Risk
113,83.05,25.41,1,6,75.72,51.15,43.79,High Risk
114,77.44,14.98,1,4,100.0,58.44,54.73,Medium Risk
115,72.26,32.41,4,7,72.69,58.21,51.0,Medium Risk
116,75.47,19.87,4,30,78.62,47.2,36.02,High Risk
117,100.0,22.71,6,19,74.58,52.65,44.6,High Risk
118,69.14,15.06,1,17,60.98,42.64,30.65,High Risk
119,73.02,0.0,10,25,88.71,46.41,37.93,High Risk
120,85.76,23.09,6,16,84.02,52.96,44.19,High Risk
121,86.58,49.13,4,15,84.49,65.28,61.41,Medium Risk
122,87.81,32.85,5,22,64.09,48.55,43.25,High Risk
123,79.58,24.81,7,8,91.83,71.14,68.31,Medium Risk
124,52.85,22.37,9,19,58.18,50.79,45.97,High Risk
125,94.5,25.22,3,8,82.04,70.75,62.59,Medium Risk
126,52.8,30.47,6,18,100.0,54.81,49.35,High Risk
127,74.54,13.19,5,28,63.11,43.93,33.3,High Risk
128,58.69,36.14,9,16,68.2,47.22,39.05,High Risk
129,69.04,32.15,1,20,76.2,45.23,39.62,High Risk
130,74.93,32.18,7,19,68.96,52.23,50.04,Medium Risk
131,74.82,29.38,9,10,56.39,59.82,52.91,Medium Risk
132,76.33,25.2,8,17,75.82,60.2,51.38,Medium Risk
133,94.21,31.73,4,13,62.25,54.56,50.04,Medium Risk
134,76.8,30.92,9,13,80.68,48.98,45.37,High Risk
135,66.34,21.46,3,7,63.97,50.01,43.32,High Risk
136,84.46,19.26,5,27,93.6,53.4,49.09,High Risk
137,87.84,26.02,7,10,65.6,62.58,59.85,Medium Risk
138,51.59,40.49,10,2,71.14,68.18,63.7,Medium Risk
139,78.96,12.61,2,4,84.76,53.19,46.61,High Risk
140,80.52,10.32,9,25,60.23,50.2,44.83,High Risk
141,65.54,26.65,10,6,77.73,55.02,47.3,High Risk
142,90.64,25.51,10,24,90.69,62.1,55.96,Medium Risk
143,67.75,26.73,0,18,55.71,37.83,28.13,High Risk
144,71.88,27.44,3,23,77.22,49.35,41.34,High Risk
145,67.4,22.77,3,6,78.12,46.27,36.53,High Risk
146,70.23,39.9,0,29,84.38,54.79,47.42,High Risk
147,53.56,8.99,8,30,60.16,38.57,28.11,High Risk
148,48.4,16.72,2,25,59.15,39.83,26.21,High Risk
149,93.92,23.97,4,23,81.26,55.86,48.36,High Risk
150,57.3,8.57,5,17,78.56,50.11,43.77,High Risk
151,55.13,23.24,7,14,78.01,45.44,37.91,High Risk
152,37.7,41.61,5,24,79.16,50.08,43.99,High Risk
153,60.42,25.21,2,11,66.84,53.62,45.45,High Risk
154,50.15,27.31,5,26,77.79,45.39,38.3,High Risk
155,94.63,12.4,0,19,78.52,41.7,33.18,High Risk
156,85.15,18.84,3,30,66.43,42.89,30.97,High Risk
157,59.68,21.25,5,2,97.39,59.73,54.19,Medium Risk
158,100.0,21.82,6,28,80.69,53.86,44.33,High Risk
159,84.73,37.82,10,3,60.7,68.01,63.02,Medium Risk
160,65.13,30.58,10,11,82.88,67.38,67.16,Medium Risk
161,32.51,13.89,9,6,63.3,46.64,38.56,High Risk
162,100.0,27.47,2,29,84.45,51.88,42.38,High Risk
163,49.16,29.98,8,14,88.9,58.19,55.79,Medium Risk
164,45.32,36.4,6,19,65.15,50.28,41.8,High Risk
165,85.34,40.81,0,26,86.56,47.69,39.71,High Risk
166,100.0,14.85,1,16,79.95,46.99,43.12,High Risk
167,90.76,16.89,0,21,84.86,47.74,39.37,High Risk
168,78.46,12.42,10,22,97.76,61.42,58.87,Medium Risk
169,78.92,22.66,8,24,72.06,46.95,41.6,High Risk
170,82.8,29.66,8,7,65.96,65.32,61.62,Medium Risk
171,81.38,34.87,6,30,64.33,46.57,43.03,High Risk
172,74.22,24.24,9,27,65.21,45.5,38.56,High Risk
173,71.56,21.8,2,8,74.07,51.27,37.71,High Risk
174,69.06,26.52,4,19,79.09,60.76,54.32,Medium Risk
175,58.69,16.65,3,20,78.32,42.71,35.59,High Risk
176,65.79,45.9,6,16,84.93,68.95,62.68,Medium Risk
177,44.61,8.92,8,22,75.16,36.01,27.5,High Risk
178,68.52,26.85,1,27,92.44,57.58,53.37,Medium Risk
179,55.17,45.24,7,7,71.82,63.42,62.14,Medium Risk
180,53.45,25.07,8,9,100.0,62.06,56.94,Medium Risk
181,72.7,23.1,9,13,82.51,61.94,54.0,Medium Risk
182,90.88,21.43,9,1,64.71,64.27,62.83,Medium Risk
183,83.77,23.2,8,29,62.15,48.33,45.56,High Risk
184,46.44,38.73,9,8,80.79,65.73,59.43,Medium Risk
185,55.16,2.88,6,24,72.32,43.85,30.93,High Risk
186,84.11,40.33,8,22,83.57,61.48,61.83,Medium Risk
187,55.26,10.76,8,4,80.68,49.6,40.85,High Risk
188,66.63,22.33,2,3,74.13,51.77,44.14,High Risk
189,78.25,20.71,3,27,64.84,35.35,26.15,High Risk
190,55.47,30.89,1,3,56.82,48.03,43.52,High Risk
191,71.58,9.02,9,22,69.64,48.33,37.94,High Risk
192,49.99,29.62,2,13,85.28,45.22,36.07,High Risk
193,60.98,45.24,10,8,77.57,64.98,60.59,Medium Risk
194,74.8,11.37,10,7,60.05,54.57,49.77,High Risk
195,46.11,26.9,4,27,77.08,42.06,34.58,High Risk
196,76.61,18.38,4,1,79.62,48.05,46.19,High Risk
197,69.71,29.26,5,27,64.39,39.89,30.44,High Risk
198,78.29,25.19,6,16,76.84,59.0,50.16,Medium Risk
199,73.36,18.59,6,6,75.7,52.55,47.91,High Risk
200,90.46,29.88,0,7,61.28,47.87,43.64,High Risk
201,71.88,43.04,1,12,79.29,56.94,50.08,Medium Risk
202,63.56,23.09,8,23,81.73,56.53,49.12,High Risk
203,71.83,32.2,9,9,88.0,68.33,66.88,Medium Risk
204,78.15,12.07,1,27,87.65,43.69,35.48,High Risk
205,70.73,15.44,5,11,58.47,47.13,38.26,High Risk
206,70.61,29.72,10,10,63.75,59.9,55.26,Medium Risk
207,59.47,39.84,10,21,81.18,61.99,54.99,Medium Risk
208,60.06,28.56,0,1,81.17,52.13,39.07,High Risk
209,48.96,21.87,2,18,81.18,46.46,42.35,High Risk
210,96.24,24.99,1,4,100.0,69.07,63.26,Medium Risk
211,51.34,12.5,2,5,81.85,56.42,50.26,Medium Risk
212,59.61,31.05,4,9,88.63,69.84,63.83,Medium Risk
213,59.22,33.82,10,27,86.45,54.99,46.93,High Risk
214,83.42,20.48,9,17,82.82,58.56,53.04,Medium Risk
215,65.58,20.3,5,3,71.22,66.45,61.16,Medium Risk
216,88.72,27.66,8,16,84.11,61.48,57.84,Medium Risk
217,59.9,20.63,10,5,65.73,57.39,53.67,Medium Risk
218,74.18,24.34,9,16,72.16,52.91,44.11,High Risk
219,57.47,46.0,3,3,69.18,57.83,54.4,Medium Risk
220,100.0,22.53,6,20,75.98,65.66,60.47,Medium Risk
221,52.19,21.42,5,15,100.0,60.41,55.44,Medium Risk
222,74.65,18.52,1,30,52.59,28.59,21.57,High Risk
223,79.51,32.44,9,3,83.24,65.94,63.87,Medium Risk
224,76.21,23.19,10,20,55.65,49.11,40.56,High Risk
225,67.22,18.51,10,14,69.34,51.5,45.39,High Risk
226,68.05,38.21,10,16,88.07,53.12,52.76,Medium Risk
227,70.66,39.2,7,29,75.77,57.14,48.12,High Risk
228,67.79,19.0,6,29,62.07,49.8,41.83,High Risk
229,84.46,6.33,6,17,66.42,50.19,41.63,High Risk
230,100.0,35.08,7,28,83.16,64.9,62.31,Medium Risk
231,61.64,18.15,10,24,66.24,55.32,47.83,High Risk
232,49.45,32.91,0,20,77.6,46.55,33.6,High Risk
233,68.68,5.3,0,23,75.55,33.11,23.22,High Risk
234,100.0,33.93,7,18,67.18,60.63,51.62,Medium Risk
235,57.94,12.89,3,18,100.0,43.72,33.66,High Risk
236,94.59,32.31,4,22,82.61,55.69,51.78,Medium Risk
237,95.17,25.14,7,14,50.7,47.05,33.28,High Risk
238,61.7,15.46,4,18,77.24,50.1,41.65,High Risk
239,78.53,20.93,9,15,67.06,57.8,50.56,Medium Risk
240,94.43,31.86,3,15,85.23,60.71,56.56,Medium Risk
241,64.31,26.06,5,6,65.49,56.58,52.72,Medium Risk
242,66.95,30.84,4,27,73.62,49.38,41.31,High Risk
243,61.27,44.76,6,15,81.06,70.47,64.14,Medium Risk
244,54.78,9.36,9,18,85.39,53.72,47.93,High Risk
245,60.26,41.17,6,4,60.6,55.88,49.91,High Risk
246,51.64,26.04,3,23,70.99,45.99,33.85,High Risk
247,70.51,16.01,4,8,69.3,40.99,31.99,High Risk
248,58.45,11.7,2,15,67.16,39.03,27.51,High Risk
249,73.51,23.11,3,3,96.19,60.87,53.9,Medium Risk
250,46.66,34.22,3,30,79.86,46.97,39.21,High Risk
251,74.96,23.72,2,15,59.87,43.97,34.19,High Risk
252,82.5,40.11,9,13,86.01,64.62,59.12,Medium Risk
253,40.09,10.49,4,9,100.0,42.62,34.28,High Risk
254,75.61,24.88,4,2,87.39,60.28,53.31,Medium Risk
255,88.42,12.48,10,24,56.77,56.87,52.46,Medium Risk
256,51.86,28.64,6,8,69.19,53.8,48.94,High Risk
257,95.09,33.87,3,29,90.2,56.41,54.32,Medium Risk
258,76.29,20.79,3,30,66.51,37.81,28.53,High Risk
259,59.42,0.0,8,20,80.33,38.46,30.12,High Risk
260,69.16,26.99,5,17,84.3,49.45,42.81,High Risk
261,78.37,29.37,3,13,63.88,52.5,44.1,High Risk
262,71.14,29.04,1,1,74.29,43.88,39.16,High Risk
263,78.08,37.36,5,2,36.1,46.34,42.86,High Risk
264,56.19,14.29,1,30,62.71,29.97,19.33,High Risk
265,72.54,31.8,4,15,71.97,49.49,40.72,High Risk
266,48.79,36.93,5,12,60.03,43.31,33.42,High Risk
267,68.33,7.21,3,14,94.59,49.57,43.88,High Risk
268,56.44,28.2,2,25,57.84,42.86,30.65,High Risk
269,58.97,19.96,6,29,69.72,45.95,39.09,High Risk
270,88.54,24.18,1,2,76.57,53.17,45.3,High Risk
271,86.37,28.48,10,18,92.3,68.2,66.15,Medium Risk
272,79.14,20.13,5,22,57.77,50.55,45.36,High Risk
273,53.62,18.24,3,7,88.96,52.4,47.02,High Risk
274,65.25,25.34,5,29,75.12,46.01,35.67,High Risk
275,88.2,14.13,3,23,63.22,45.51,35.98,High Risk
276,72.13,14.14,3,29,80.55,42.7,30.96,High Risk
277,100.0,31.79,3,25,77.39,51.77,43.81,High Risk
278,75.9,13.51,8,6,67.8,55.45,53.34,Medium Risk
279,72.88,31.66,6,14,75.84,61.27,51.3,Medium Risk
280,65.36,29.63,2,8,70.38,57.6,51.06,Medium Risk
281,72.0,7.74,2,27,76.36,39.18,27.69,High Risk
282,67.71,18.22,5,22,82.95,47.65,40.51,High Risk
283,80.62,36.94,5,2,94.03,68.45,62.78,Medium Risk
284,84.35,15.19,3,17,60.15,38.92,31.39,High Risk
285,58.21,20.36,8,5,100.0,67.9,63.36,Medium Risk
286,50.03,29.62,3,14,51.57,48.45,45.76,High Risk
287,42.46,32.83,8,25,73.18,50.29,41.17,High Risk
288,77.62,22.48,3,24,82.06,44.43,38.23,High Risk
289,53.45,19.02,1,30,78.37,36.22,24.58,High Risk
290,37.71,39.22,1,29,67.53,40.39,27.09,High Risk
291,75.83,42.39,4,20,72.5,64.14,58.12,Medium Risk
292,100.0,34.79,3,21,69.08,54.49,45.05,High Risk
293,69.91,25.85,6,29,67.93,47.26,36.28,High Risk
294,82.58,16.92,10,21,85.2,52.66,47.14,High Risk
295,71.23,16.7,4,22,79.28,50.14,41.18,High Risk
296,68.52,30.23,5,3,66.69,53.72,51.46,Medium Risk
297,83.79,29.18,9,5,85.8,62.21,59.48,Medium Risk
298,65.65,39.02,3,16,78.69,54.29,44.38,High Risk
299,74.01,31.5,1,18,84.75,57.63,52.99,Medium Risk
300,74.83,9.97,9,26,82.56,47.77,44.38,High Risk
301,59.98,35.52,8,17,65.05,59.81,49.73,High Risk
302,84.88,15.02,9,11,68.28,58.72,52.0,Medium Risk
303,67.38,21.16,6,17,83.97,61.21,54.6,Medium Risk
304,58.66,27.5,3,16,82.32,45.0,38.7,High Risk
305,78.05,44.96,2,26,74.75,51.8,44.03,High Risk
306,56.52,50.0,9,23,76.41,60.82,55.38,Medium Risk
307,70.42,31.07,2,2,90.33,51.96,47.01,High Risk
308,69.86,23.17,8,4,67.9,54.88,49.03,High Risk
309,86.29,30.35,4,21,81.57,56.68,54.6,Medium Risk
310,77.12,33.88,2,7,72.57,58.54,54.05,Medium Risk
311,69.62,21.79,4,2,72.39,61.18,54.04,Medium Risk
312,82.27,42.95,1,30,88.19,49.42,43.64,High Risk
313,90.85,27.3,10,6,84.9,71.2,64.23,Medium Risk
314,78.37,29.98,3,17,84.76,45.25,40.15,High Risk
315,70.16,31.66,9,7,90.67,70.32,68.55,Medium Risk
316,50.32,29.22,1,25,75.25,45.73,38.81,High Risk
317,54.02,33.39,1,5,83.18,58.47,53.54,Medium Risk
318,65.42,18.83,7,5,71.28,65.16,58.02,Medium Risk
319,60.86,19.42,0,20,78.89,42.6,35.72,High Risk
320,67.2,14.0,6,16,73.44,54.98,49.85,High Risk
321,70.85,29.4,4,19,76.16,52.73,44.27,High Risk
322,77.95,32.79,10,9,82.14,60.2,55.01,Medium Risk
323,68.94,29.58,7,5,65.18,62.33,57.48,Medium Risk
324,77.3,41.74,0,8,100.0,53.38,49.14,High Risk
325,70.97,24.94,10,9,62.93,59.38,54.4,Medium Risk
326,40.37,31.69,6,5,60.43,58.39,50.15,Medium Risk
327,55.91,14.08,4,10,88.9,49.67,46.11,High Risk
328,67.84,21.13,3,25,84.5,55.21,50.76,Medium Risk
329,51.85,31.96,6,2,82.49,49.23,46.07,High Risk
330,79.0,33.49,9,9,82.54,67.11,62.54,Medium Risk
331,92.96,22.06,1,11,74.85,55.22,45.96,High Risk
332,88.28,24.28,0,4,64.23,45.97,37.92,High Risk
333,66.8,9.82,0,22,75.91,32.62,23.29,High Risk
334,92.36,21.43,10,22,66.87,51.55,46.88,High Risk
335,72.23,33.9,0,22,86.7,45.42,37.52,High Risk
336,64.94,30.75,4,2,73.24,56.77,51.72,Medium Risk
337,60.8,30.01,9,23,65.09,51.96,42.68,High Risk
338,65.46,25.5,6,29,71.14,47.24,40.72,High Risk
339,64.18,25.07,1,6,79.96,55.75,48.6,High Risk
340,72.56,18.4,9,27,68.24,51.59,45.25,High Risk
341,72.41,31.99,7,14,65.13,53.12,48.27,High Risk
342,70.05,29.21,3,1,77.92,58.93,54.49,Medium Risk
343,76.55,29.92,2,18,77.94,56.54,49.84,High Risk
344,87.86,19.74,9,7,68.92,64.53,58.37,Medium Risk
345,84.24,3.47,10,1,69.35,65.76,62.83,Medium Risk
346,47.73,35.97,7,1,77.78,63.34,62.18,Medium Risk
347,31.69,20.21,1,1,57.62,51.04,41.3,High Risk
348,84.01,16.37,10,24,58.11,39.26,31.32,High Risk
349,49.5,31.93,10,4,66.38,61.38,56.07,Medium Risk
350,66.63,21.08,2,4,72.44,50.25,42.87,High Risk
351,52.45,35.6,2,29,78.73,44.66,36.22,High Risk
352,42.97,31.17,9,18,92.7,54.5,49.35,High Risk
353,78.12,31.84,10,27,85.29,63.18,57.43,Medium Risk
354,81.39,11.34,0,11,73.08,31.39,28.2,High Risk
355,61.35,37.12,5,27,74.77,54.73,45.57,High Risk
356,31.13,27.61,1,1,62.97,40.82,33.3,High Risk
357,61.81,21.31,0,28,74.78,38.27,26.82,High Risk
358,75.88,26.43,1,10,71.54,53.43,45.9,High Risk
359,47.82,7.24,5,9,78.87,50.16,39.51,High Risk
360,72.75,29.09,3,23,65.07,51.58,43.98,High Risk
361,69.77,14.71,5,4,81.23,50.23,44.86,High Risk
362,78.69,11.47,8,28,93.39,49.54,45.94,High Risk
363,71.79,9.78,9,6,73.69,59.56,55.32,Medium Risk
364,55.4,36.13,9,30,79.82,51.91,49.78,High Risk
365,87.95,18.71,7,16,83.28,58.49,54.69,Medium Risk
366,67.62,40.34,0,2,70.19,59.62,55.26,Medium Risk
367,69.59,19.64,7,23,77.69,48.26,42.05,High Risk
368,56.0,7.93,8,18,75.15,45.55,36.83,High Risk
369,63.35,13.83,5,10,76.17,52.68,46.44,High Risk
370,56.73,37.36,9,24,65.72,52.75,46.76,High Risk
371,67.41,23.44,4,24,75.29,47.2,45.06,High Risk
372,95.68,19.52,5,17,80.98,55.08,52.08,Medium Risk
373,49.42,26.6,5,13,92.41,54.19,46.13,High Risk
374,45.8,30.02,8,24,86.51,56.66,48.81,High Risk
375,92.07,36.17,3,18,100.0,55.42,53.87,Medium Risk
376,66.86,39.48,1,22,65.79,49.68,44.14,High Risk
377,59.96,21.4,10,13,85.47,56.31,47.71,High Risk
378,85.6,11.74,10,17,77.2,60.63,57.59,Medium Risk
379,60.92,20.87,8,5,100.0,65.08,61.63,Medium Risk
380,97.39,27.6,1,11,65.3,55.11,45.29,High Risk
381,80.17,15.36,9,7,64.92,59.65,55.47,Medium Risk
382,62.68,15.43,8,29,67.81,46.28,39.11,High Risk
383,100.0,28.44,1,10,49.51,55.19,49.38,High Risk
384,60.91,24.51,7,17,68.69,60.67,51.2,Medium Risk
385,81.13,25.33,8,15,65.89,58.8,52.39,Medium Risk
386,74.49,17.42,9,18,76.8,52.08,45.05,High Risk
387,89.53,22.7,8,23,79.1,53.76,48.51,High Risk
388,93.42,15.76,9,22,97.51,62.18,56.38,Medium Risk
389,70.48,33.9,8,19,86.41,66.51,61.49,Medium Risk
390,58.7,35.35,1,30,68.08,38.27,30.52,High Risk
391,76.9,6.54,3,26,64.22,38.89,26.9,High Risk
392,59.83,15.7,6,2,80.9,63.51,59.76,Medium Risk
393,100.0,10.03,1,26,59.16,39.84,29.74,High Risk
394,72.05,18.5,0,4,96.98,50.81,45.73,High Risk
395,64.52,24.17,2,3,89.15,58.96,54.7,Medium Risk
396,72.77,10.5,3,7,69.37,46.17,40.29,High Risk
397,49.79,15.78,7,24,54.44,33.17,24.16,High Risk
398,55.43,14.96,5,18,91.25,55.27,48.15,High Risk
399,88.01,27.07,10,10,73.63,60.72,56.78,Medium Risk
400,60.15,25.69,1,7,89.85,51.39,47.48,High Risk
401,54.3,17.78,8,8,55.87,54.27,42.39,High Risk
402,78.05,26.77,1,6,67.81,50.8,46.31,High Risk
403,87.79,19.53,4,22,75.06,43.73,31.93,High Risk
404,80.78,22.28,3,26,75.56,43.1,37.56,High Risk
405,84.94,41.73,6,1,69.6,71.86,68.69,Medium Risk
406,58.65,38.4,7,4,82.47,68.83,66.66,Medium Risk
407,48.67,12.0,4,14,62.19,36.53,27.24,High Risk
408,92.52,33.3,9,17,73.29,67.12,63.41,Medium Risk
409,65.16,33.11,4,20,76.44,49.25,41.4,High Risk
410,66.24,13.52,1,18,81.17,41.28,33.63,High Risk
411,89.92,33.19,7,11,83.54,62.05,59.71,Medium Risk
412,78.34,40.38,1,29,61.5,43.1,37.82,High Risk
413,76.84,13.77,9,21,56.59,53.3,45.86,High Risk
414,100.0,15.82,5,26,90.33,52.89,49.25,High Risk
415,60.35,35.18,7,14,78.99,58.17,52.71,Medium Risk
416,83.92,27.71,5,9,66.02,61.59,55.51,Medium Risk
417,70.86,30.51,3,27,93.61,49.57,41.45,High Risk
418,74.03,28.41,3,15,76.39,51.11,45.7,High Risk
419,92.93,28.91,5,12,89.15,68.52,63.37,Medium Risk
420,77.62,11.74,3,10,75.81,51.27,45.11,High Risk
421,78.07,35.47,7,19,99.73,60.04,58.39,Medium Risk
422,86.09,36.7,8,24,96.06,57.95,53.15,Medium Risk
423,64.53,22.71,0,19,72.01,45.69,35.65,High Risk
424,57.41,24.57,3,6,86.66,47.38,40.91,High Risk
425,54.33,9.69,3,20,82.74,44.16,33.0,High Risk
426,40.5,30.14,1,24,91.42,48.84,42.98,High Risk
427,100.0,30.72,5,27,63.42,53.37,48.3,High Risk
428,53.45,24.38,2,6,83.23,42.14,35.29,High Risk
429,66.68,36.24,6,8,87.7,65.48,60.15,Medium Risk
430,65.85,21.66,10,1,53.9,56.62,50.91,Medium Risk
431,74.61,30.65,10,22,60.8,48.48,43.05,High Risk
432,82.24,14.8,4,17,50.53,44.57,36.7,High Risk
433,82.91,24.76,3,17,71.77,43.1,41.56,High Risk
434,61.25,23.26,4,24,83.61,48.12,38.21,High Risk
435,67.49,27.25,7,15,93.03,60.4,55.93,Medium Risk
436,74.24,21.3,2,7,75.89,45.19,42.51,High Risk
437,66.27,23.69,6,19,94.54,53.94,51.07,Medium Risk
438,94.11,33.26,5,22,58.44,49.71,43.19,High Risk
439,77.36,20.63,0,25,54.56,33.29,24.9,High Risk
440,81.02,8.93,6,23,74.33,53.22,44.54,High Risk
441,79.94,42.5,6,28,79.61,62.71,57.34,Medium Risk
442,87.6,38.81,0,3,74.61,53.03,45.39,High Risk
443,72.72,12.08,8,30,50.19,38.92,35.17,High Risk
444,50.55,31.9,5,30,73.93,50.58,44.54,High Risk
445,76.0,19.97,1,29,59.35,43.23,35.78,High Risk
446,60.23,27.63,4,22,83.04,50.58,45.61,High Risk
447,62.07,27.94,10,11,79.4,56.47,51.62,Medium Risk
448,78.8,22.66,3,20,63.72,47.02,41.59,High Risk
449,88.57,17.16,6,30,68.83,44.34,34.88,High Risk
450,70.32,18.09,7,29,62.29,44.95,34.27,High Risk
451,74.63,15.84,10,19,74.25,58.12,50.95,Medium Risk
452,95.53,16.68,10,9,86.46,62.28,58.19,Medium Risk
453,73.61,24.33,0,10,63.17,46.14,32.67,High Risk
454,100.0,17.84,4,2,81.05,65.3,58.78,Medium Risk
455,78.48,31.82,2,1,68.64,64.48,60.85,Medium Risk
456,43.59,39.87,0,30,65.49,43.46,35.53,High Risk
457,81.3,19.2,2,16,73.72,54.35,44.59,High Risk
458,75.72,27.39,5,18,62.58,56.63,48.27,High Risk
459,89.35,30.0,6,23,68.36,54.03,51.06,Medium Risk
460,80.1,29.72,7,26,60.63,54.85,45.84,High Risk
461,67.92,25.76,10,17,98.58,67.25,64.45,Medium Risk
462,51.64,32.43,3,6,75.42,46.74,40.58,High Risk
463,66.86,29.82,2,14,66.6,45.87,42.28,High Risk
464,57.24,12.62,4,23,77.57,42.55,33.86,High Risk
465,61.29,33.69,8,25,73.65,54.16,47.73,High Risk
466,78.83,33.87,5,15,72.35,58.14,48.71,High Risk
467,95.05,17.37,8,14,82.37,64.53,58.27,Medium Risk
468,75.92,25.38,5,24,84.09,48.41,41.97,High Risk
469,52.06,31.83,1,22,68.63,42.03,31.57,High Risk
470,76.67,22.91,4,3,68.09,54.58,46.15,High Risk
471,87.95,35.73,10,24,71.7,64.74,60.71,Medium Risk
472,60.85,48.64,8,23,47.38,51.85,46.28,High Risk
473,67.99,17.14,7,19,56.82,43.89,36.2,High Risk
474,70.22,11.19,6,25,91.4,49.23,40.57,High Risk
475,58.23,28.04,0,12,94.74,53.07,45.3,High Risk
476,79.72,32.22,3,2,72.01,65.05,62.05,Medium Risk
477,68.19,22.69,6,3,81.92,49.65,48.61,High Risk
478,76.29,39.53,10,18,78.74,64.67,64.07,Medium Risk
479,56.69,11.61,6,29,100.0,51.51,42.84,High Risk
480,63.44,31.93,5,1,88.43,55.4,54.57,Medium Risk
481,80.84,18.94,7,20,73.46,61.26,53.62,Medium Risk
482,64.41,42.19,10,21,63.53,62.88,56.02,Medium Risk
483,95.9,44.93,5,29,55.72,51.55,44.33,High Risk
484,64.01,17.33,9,6,77.44,52.53,44.17,High Risk
485,73.37,19.5,2,5,65.92,52.18,43.9,High Risk
486,83.99,33.6,3,1,57.93,56.88,51.39,Medium Risk
487,48.72,21.13,2,19,67.24,34.62,26.72,High Risk
488,43.59,24.55,0,1,62.02,43.07,31.42,High Risk
489,47.12,25.25,9,27,95.25,60.77,52.44,Medium Risk
490,88.94,5.8,4,21,85.58,38.79,31.5,High Risk
491,61.72,24.86,0,21,74.9,41.84,35.83,High Risk
492,100.0,18.1,0,16,92.76,52.63,46.13,High Risk
493,61.54,20.07,1,12,75.93,47.63,41.1,High Risk
494,72.77,39.44,3,27,64.66,47.69,39.26,High Risk
495,93.13,12.43,5,29,93.28,55.26,46.05,High Risk
496,100.0,33.13,7,22,81.47,54.29,53.48,Medium Risk
497,100.0,22.21,2,8,62.55,56.29,46.4,High Risk
498,88.13,22.2,0,26,72.72,45.4,37.77,High Risk
499,85.36,32.9,2,16,64.49,53.29,45.34,High Risk
500,78.89,28.4,2,28,58.41,45.69,35.56,High Risk
501,81.68,30.71,4,1,86.11,61.72,55.31,Medium Risk
502,61.73,34.68,10,4,97.91,68.64,65.64,Medium Risk
503,57.73,21.69,3,10,58.22,44.05,34.32,High Risk
504,69.95,18.88,3,11,81.76,51.53,43.69,High Risk
505,67.45,14.15,8,17,67.19,54.42,49.6,High Risk
506,63.2,16.75,6,25,69.15,40.34,34.81,High Risk
507,80.45,50.0,3,27,67.89,46.95,41.74,High Risk
508,84.33,37.45,2,23,64.63,52.15,45.44,High Risk
509,71.33,11.49,5,7,75.58,56.24,52.27,Medium Risk
510,92.16,11.78,2,12,65.03,41.11,33.35,High Risk
511,52.87,29.82,5,21,78.25,61.87,52.84,Medium Risk
512,67.1,30.47,10,7,74.4,66.92,61.5,Medium Risk
513,59.25,30.49,10,12,72.13,63.38,59.85,Medium Risk
514,42.0,22.45,8,15,64.11,56.1,48.45,High Risk
515,68.76,23.75,5,2,68.08,59.19,55.04,Medium Risk
516,68.17,28.28,3,14,84.06,53.91,47.11,High Risk
517,92.7,25.86,4,13,81.01,63.9,58.78,Medium Risk
518,79.46,2.81,5,4,63.27,49.38,42.77,High Risk
519,54.64,22.7,10,14,76.19,59.68,56.32,Medium Risk
520,97.81,16.49,2,14,84.02,61.14,53.36,Medium Risk
521,88.32,26.75,7,16,54.97,50.75,41.9,High Risk
522,78.73,50.0,3,7,81.52,63.63,65.17,Medium Risk
523,66.6,28.67,7,19,67.05,50.66,45.0,High Risk
524,55.61,21.86,9,2,81.85,60.53,57.61,Medium Risk
525,64.42,34.22,9,10,65.84,59.12,55.46,Medium Risk
526,86.33,29.83,2,18,53.34,49.43,39.63,High Risk
527,98.27,29.2,9,29,55.47,59.71,54.59,Medium Risk
528,93.15,31.07,6,17,75.58,51.14,47.4,High Risk
529,62.67,45.57,10,5,78.12,61.7,58.08,Medium Risk
530,53.21,13.69,8,12,64.15,42.44,31.7,High Risk
531,72.11,29.74,3,6,82.66,61.93,57.96,Medium Risk
532,43.47,15.74,7,22,55.06,36.42,27.14,High Risk
533,74.85,30.56,2,9,74.21,55.55,48.61,High Risk
534,67.79,15.81,6,20,60.47,48.4,36.45,High Risk
535,63.01,20.83,2,1,67.18,48.25,39.15,High Risk
536,46.08,22.05,6,22,75.57,52.97,42.96,High Risk
537,77.7,34.76,10,15,64.68,59.41,55.71,Medium Risk
538,62.01,34.18,9,21,70.39,55.19,49.0,High Risk
539,52.45,12.54,9,26,87.08,50.58,43.29,High Risk
540,26.92,25.55,10,6,68.08,57.54,51.63,Medium Risk
541,69.59,17.9,10,19,85.03,54.72,47.29,High Risk
542,96.58,12.41,5,18,61.44,50.63,45.58,High Risk
543,94.92,22.83,1,6,81.36,63.91,58.27,Medium Risk
544,63.14,21.92,10,13,92.3,53.11,50.45,Medium Risk
545,60.97,49.27,2,1,45.34,52.84,49.39,High Risk
546,77.03,29.33,5,23,65.44,53.27,41.24,High Risk
547,55.02,11.22,3,23,81.92,44.23,36.57,High Risk
548,74.53,19.35,5,26,72.56,43.72,32.83,High Risk
549,81.49,35.21,0,13,79.45,64.09,55.86,Medium Risk
550,88.4,45.88,9,7,67.75,58.03,58.32,Medium Risk
551,68.5,9.14,0,15,76.04,43.41,31.45,High Risk
552,66.94,6.2,2,12,73.13,46.88,36.98,High Risk
553,56.83,43.71,7,27,89.01,58.58,49.12,High Risk
554,57.6,28.9,7,26,78.05,45.46,39.78,High Risk
555,66.6,16.32,10,1,79.05,66.24,59.17,Medium Risk
556,75.51,30.35,3,15,70.06,51.04,45.65,High Risk
557,83.7,0.0,5,4,69.15,52.52,43.02,High Risk
558,57.95,25.03,7,13,69.81,56.6,50.84,Medium Risk
559,92.39,28.28,6,23,79.73,56.93,49.24,High Risk
560,65.93,34.24,10,27,69.95,56.87,50.97,Medium Risk
561,69.68,14.86,6,25,78.48,42.23,37.39,High Risk
562,58.79,25.86,3,5,99.9,49.62,49.83,High Risk
563,33.64,15.75,8,29,85.45,44.21,34.74,High Risk
564,83.26,27.55,9,2,71.09,62.68,59.01,Medium Risk
565,81.05,16.05,5,23,89.41,51.36,43.21,High Risk
566,65.78,20.92,10,26,70.1,55.8,50.38,Medium Risk
567,71.0,15.04,2,1,50.54,49.32,36.61,High Risk
568,77.74,31.51,4,16,62.9,49.83,41.71,High Risk
569,46.56,33.58,4,23,52.55,41.63,33.15,High Risk
570,62.06,22.65,4,6,70.78,53.66,46.23,High Risk
571,81.91,25.38,7,23,75.22,48.88,42.17,High Risk
572,51.19,10.51,8,16,95.12,52.57,45.49,High Risk
573,74.4,22.0,8,14,78.92,54.1,50.67,Medium Risk
574,49.65,24.5,5,29,72.37,42.85,33.58,High Risk
575,77.0,50.0,5,26,84.95,62.25,59.01,Medium Risk
576,69.47,13.88,8,3,48.47,49.89,45.17,High Risk
577,45.77,39.64,3,15,77.83,61.15,51.5,Medium Risk
578,87.47,34.97,5,3,84.25,63.99,62.7,Medium Risk
579,58.98,27.81,3,23,57.26,49.59,41.98,High Risk
580,57.85,42.59,10,29,88.73,57.13,53.42,Medium Risk
581,73.01,28.72,0,2,79.06,52.56,44.96,High Risk
582,87.23,28.89,6,1,70.02,62.45,61.24,Medium Risk
583,54.76,24.47,9,9,82.59,66.75,61.34,Medium Risk
584,70.93,37.24,10,9,100.0,70.22,62.69,Medium Risk
585,76.43,35.96,5,23,77.18,52.59,47.84,High Risk
586,80.4,18.74,8,7,77.98,60.37,52.42,Medium Risk
587,72.65,11.81,6,3,69.49,53.89,48.31,High Risk
588,64.49,22.97,6,26,64.8,49.07,37.58,High Risk
589,57.59,17.0,1,18,84.96,54.8,43.03,High Risk
590,71.29,24.36,10,11,64.73,57.44,52.38,Medium Risk
591,53.92,37.37,8,7,75.86,64.05,63.86,Medium Risk
592,26.18,20.43,9,9,69.27,51.19,41.61,High Risk
593,76.55,24.57,8,1,80.75,68.84,65.5,Medium Risk
594,83.56,25.58,5,29,79.0,52.83,44.79,High Risk
595,34.56,33.48,2,14,87.45,56.27,51.19,Medium Risk
596,54.85,2.53,0,20,68.88,26.44,15.26,High Risk
597,79.29,18.93,3,6,71.76,50.83,40.64,High Risk
598,100.0,27.11,2,7,63.25,63.42,58.48,Medium Risk
599,70.31,37.0,0,10,69.67,45.99,41.1,High Risk
600,59.08,20.08,2,7,79.53,49.26,39.86,High Risk
601,67.26,6.23,3,26,84.08,39.61,28.29,High Risk
602,90.62,31.2,7,2,63.93,67.37,65.03,Medium Risk
603,60.31,18.65,8,30,85.44,47.95,35.88,High Risk
604,58.01,13.1,2,4,91.27,51.03,45.34,High Risk
605,62.76,18.76,5,21,79.96,47.43,39.71,High Risk
606,55.7,23.15,9,30,97.52,60.21,53.34,Medium Risk
607,71.84,18.95,10,28,65.71,48.03,39.84,High Risk
608,94.37,2.94,4,17,60.06,43.35,37.65,High Risk
609,74.85,33.97,5,1,53.66,53.01,45.8,High Risk
610,66.21,37.75,3,10,92.95,68.85,67.1,Medium Risk
611,65.62,31.52,9,19,82.85,60.42,53.39,Medium Risk
612,46.55,13.62,5,15,74.33,45.99,37.1,High Risk
613,83.25,22.99,6,10,78.36,65.49,61.63,Medium Risk
614,68.83,24.93,8,19,61.49,47.31,41.76,High Risk
615,67.29,30.99,9,12,100.0,72.89,71.69,Medium Risk
616,100.0,31.68,6,24,76.55,58.41,50.58,Medium Risk
617,74.48,17.66,5,16,76.31,52.62,47.71,High Risk
618,58.72,25.82,0,9,83.71,47.79,39.82,High Risk
619,63.6,29.57,1,15,80.77,42.93,36.0,High Risk
620,87.23,39.56,0,30,77.69,48.55,43.65,High Risk
621,71.7,32.05,8,27,65.51,54.64,48.51,High Risk
622,48.43,32.89,9,28,80.66,48.32,39.96,High Risk
623,83.79,25.84,9,17,97.58,67.85,59.83,Medium Risk
624,59.98,39.1,8,14,91.15,67.88,65.98,Medium Risk
625,98.1,29.1,6,27,94.12,62.3,58.0,Medium Risk
626,86.2,16.39,1,18,68.87,41.48,34.98,High Risk
627,63.29,39.03,5,26,63.12,48.2,38.72,High Risk
628,89.22,31.98,10,2,73.49,77.93,76.42,Low Risk
629,71.02,20.57,3,4,75.67,51.29,40.4,High Risk
630,82.79,20.21,0,18,88.13,51.65,41.78,High Risk
631,77.27,27.97,0,7,54.69,42.48,32.22,High Risk
632,57.3,29.63,4,13,93.35,60.98,57.39,Medium Risk
633,60.35,26.97,1,15,73.1,47.41,38.75,High Risk
634,85.45,28.11,3,25,69.88,49.53,42.19,High Risk
635,64.98,42.0,0,23,62.85,58.7,51.0,Medium Risk
636,63.95,35.72,3,28,55.14,42.57,31.15,High Risk
637,55.67,26.91,10,22,84.88,63.49,60.1,Medium Risk
638,76.35,34.41,5,26,75.88,48.55,44.35,High Risk
639,100.0,14.67,9,1,59.52,63.11,55.56,Medium Risk
640,53.99,28.98,3,11,59.46,59.1,52.42,Medium Risk
641,70.36,43.09,0,10,70.97,52.8,46.8,High Risk
642,91.18,22.82,6,25,95.03,53.49,45.5,High Risk
643,68.81,16.52,1,5,71.88,50.03,42.35,High Risk
644,76.79,18.48,8,16,56.96,53.02,42.97,High Risk
645,54.06,14.1,2,11,72.05,42.06,37.41,High Risk
646,76.42,17.15,7,21,71.73,49.6,43.0,High Risk
647,67.19,21.29,7,6,42.64,61.86,53.33,Medium Risk
648,84.79,10.94,2,9,74.35,53.06,44.92,High Risk
649,87.81,25.16,3,13,72.23,53.08,41.92,High Risk
650,100.0,34.02,1,24,83.35,52.55,48.74,High Risk
651,78.69,15.92,3,8,97.19,56.36,47.77,High Risk
652,74.89,40.19,10,14,88.52,69.52,64.37,Medium Risk
653,72.92,30.11,10,24,71.77,49.92,46.61,High Risk
654,64.7,35.31,10,1,61.72,71.9,70.61,Medium Risk
655,75.08,18.42,8,17,100.0,57.73,52.43,Medium Risk
656,65.57,33.55,1,24,75.71,46.51,42.18,High Risk
657,72.53,14.08,2,5,75.17,48.71,41.57,High Risk
658,89.76,33.9,10,25,74.71,58.25,50.63,Medium Risk
659,54.9,26.72,10,2,77.38,63.11,59.87,Medium Risk
660,87.1,30.53,3,25,73.27,52.98,45.62,High Risk
661,89.76,13.24,4,28,68.12,47.28,38.48,High Risk
662,68.23,16.05,0,30,68.44,25.96,12.49,High Risk
663,38.17,30.97,6,24,74.61,41.17,33.23,High Risk
664,60.88,15.52,9,9,68.48,59.49,52.71,Medium Risk
665,89.45,29.63,6,4,66.45,54.47,52.06,Medium Risk
666,69.66,11.33,8,17,76.28,52.71,45.86,High Risk
667,55.01,33.48,3,17,71.94,47.32,35.69,High Risk
668,62.43,12.67,5,21,93.05,52.01,46.13,High Risk
669,82.61,30.52,10,18,43.19,56.42,52.34,Medium Risk
670,78.2,31.26,1,16,88.1,58.84,51.73,Medium Risk
671,66.42,18.03,3,30,89.95,50.04,42.14,High Risk
672,64.5,30.82,1,8,50.12,53.96,45.58,High Risk
673,64.12,27.6,9,26,70.89,47.89,39.76,High Risk
674,56.16,19.61,4,11,70.54,40.66,36.8,High Risk
675,94.23,14.91,6,21,58.11,54.55,45.23,High Risk
676,65.17,5.37,0,21,65.67,44.17,30.03,High Risk
677,88.26,28.5,9,18,61.67,57.51,48.68,High Risk
678,92.82,9.35,9,23,96.03,48.44,49.39,High Risk
679,84.97,25.95,6,29,86.23,52.49,44.48,High Risk
680,63.53,22.37,9,24,90.26,48.83,42.2,High Risk
681,76.06,31.79,5,10,83.66,53.17,49.17,High Risk
682,69.64,21.98,5,13,61.45,44.98,35.92,High Risk
683,56.44,21.71,7,17,68.71,48.59,41.11,High Risk
684,74.87,32.32,7,18,80.87,61.03,55.02,Medium Risk
685,52.31,28.35,5,10,60.33,51.77,44.57,High Risk
686,87.82,28.16,2,16,83.56,50.84,46.35,High Risk
687,63.03,29.69,4,20,72.12,46.61,39.7,High Risk
688,73.02,9.64,1,5,70.5,45.91,39.23,High Risk
689,74.25,32.57,4,13,83.53,48.53,44.96,High Risk
690,66.12,31.12,8,18,80.33,59.31,57.57,Medium Risk
691,78.8,14.83,9,17,70.67,59.03,54.32,Medium Risk
692,62.88,22.56,0,9,88.91,51.36,40.64,High Risk
693,83.07,24.61,9,14,62.03,54.59,49.57,High Risk
694,49.81,23.66,4,17,82.39,52.77,47.86,High Risk
695,71.9,28.34,5,29,82.12,47.83,42.73,High Risk
696,99.08,39.31,10,4,71.29,74.36,72.87,Medium Risk
697,55.0,35.82,6,18,78.91,57.19,48.54,High Risk
698,59.83,11.88,8,27,59.99,52.8,41.0,High Risk
699,77.71,31.22,5,20,86.09,59.62,53.81,Medium Risk
700,72.69,38.29,4,24,72.78,55.02,48.43,High Risk
701,75.26,28.87,6,24,68.73,52.55,47.05,High Risk
702,77.34,35.91,0,15,87.59,51.91,45.83,High Risk
703,79.52,45.12,10,11,66.55,66.14,61.1,Medium Risk
704,86.65,35.24,4,12,58.1,57.53,52.7,Medium Risk
705,76.15,27.49,1,9,56.32,48.28,40.75,High Risk
706,66.38,35.45,3,13,82.27,51.35,44.25,High Risk
707,80.09,26.45,6,15,59.63,59.1,55.35,Medium Risk
708,98.5,25.24,4,27,96.06,60.65,56.0,Medium Risk
709,68.01,21.49,5,15,50.02,41.87,37.39,High Risk
710,55.38,40.63,1,28,95.36,50.75,42.07,High Risk
711,86.61,16.82,2,5,77.53,59.74,48.8,High Risk
712,68.19,40.32,6,23,73.84,56.5,52.01,Medium Risk
713,37.41,30.0,10,19,68.46,45.03,35.35,High Risk
714,82.71,11.01,1,26,79.79,52.86,43.94,High Risk
715,61.97,28.68,5,20,74.55,50.38,39.78,High Risk
716,68.64,4.0,4,26,88.24,43.3,34.79,High Risk
717,74.98,31.26,9,25,76.37,53.66,51.58,Medium Risk
718,72.86,33.85,0,26,76.8,55.04,48.14,High Risk
719,80.64,19.08,10,26,70.64,53.46,46.51,High Risk
720,63.47,26.24,9,14,74.32,63.25,59.93,Medium Risk
721,77.7,44.54,10,28,78.69,63.73,60.0,Medium Risk
722,66.11,19.94,3,17,54.48,39.27,28.73,High Risk
723,81.08,14.41,10,18,58.82,53.76,46.3,High Risk
724,79.23,39.82,1,21,83.92,54.52,47.36,High Risk
725,55.97,44.63,3,3,77.05,55.36,49.74,High Risk
726,86.29,25.04,0,2,72.79,56.69,49.9,High Risk
727,61.96,35.11,1,1,75.22,55.52,50.11,Medium Risk
728,82.12,38.41,7,10,79.17,68.34,63.82,Medium Risk
729,75.51,17.58,5,19,68.52,48.07,41.66,High Risk
730,97.57,20.15,1,17,65.66,45.76,37.02,High Risk
731,66.65,37.31,5,12,77.35,58.19,56.8,Medium Risk
732,64.76,41.85,9,1,63.26,62.1,58.55,Medium Risk
733,69.71,30.63,8,12,79.9,49.67,40.66,High Risk
734,65.45,16.2,6,17,54.57,43.6,37.09,High Risk
735,82.0,44.87,8,24,87.35,61.59,57.78,Medium Risk
736,45.76,19.69,4,3,80.67,49.3,47.64,High Risk
737,54.19,21.65,6,11,78.07,58.4,56.41,Medium Risk
738,53.98,28.42,10,17,86.79,65.66,64.84,Medium Risk
739,84.25,40.54,6,23,94.99,62.79,58.24,Medium Risk
740,95.66,33.54,2,26,87.17,52.32,44.57,High Risk
741,68.43,29.15,6,3,52.91,57.2,51.64,Medium Risk
742,67.47,29.63,0,8,59.65,45.15,37.39,High Risk
743,71.05,25.44,8,20,67.5,54.12,48.59,High Risk
744,87.43,30.58,9,4,75.31,65.84,60.51,Medium Risk
745,56.09,0.0,5,21,81.21,43.49,33.83,High Risk
746,73.58,22.03,4,22,66.29,42.82,34.36,High Risk
747,84.63,27.41,6,7,77.24,68.57,62.48,Medium Risk
748,77.52,13.49,4,14,65.94,49.28,36.73,High Risk
749,72.84,28.86,9,14,67.66,58.48,56.22,Medium Risk
750,85.02,22.96,4,4,58.12,50.08,41.3,High Risk
751,29.45,42.55,10,16,63.92,64.58,52.99,Medium Risk
752,80.17,40.73,9,24,58.78,53.86,46.63,High Risk
753,60.19,20.34,10,29,63.29,49.0,40.97,High Risk
754,42.54,23.49,6,22,87.64,53.74,47.31,High Risk
755,77.67,24.26,9,30,63.61,50.44,41.82,High Risk
756,90.6,20.48,6,1,100.0,65.24,59.67,Medium Risk
757,67.94,26.95,10,17,80.92,59.61,57.63,Medium Risk
758,84.29,17.42,2,25,77.22,42.58,33.29,High Risk
759,94.18,13.69,2,10,64.7,43.22,39.7,High Risk
760,89.72,31.23,9,22,83.4,63.01,59.28,Medium Risk
761,94.6,31.3,2,16,68.09,57.13,53.67,Medium Risk
762,81.13,16.96,5,16,76.46,53.14,45.58,High Risk
763,71.13,33.95,5,26,100.0,54.62,52.42,Medium Risk
764,45.97,18.68,2,8,73.85,48.18,41.51,High Risk
765,66.31,27.53,2,29,88.79,49.66,39.66,High Risk
766,57.35,33.2,7,7,66.56,58.57,54.9,Medium Risk
767,100.0,24.66,7,28,74.58,55.5,54.13,Medium Risk
768,67.36,29.55,6,6,96.25,63.34,58.53,Medium Risk
769,71.85,19.84,9,16,67.48,40.16,31.67,High Risk
770,78.27,23.04,3,20,96.75,51.07,44.3,High Risk
771,70.65,22.94,3,16,83.49,55.26,50.9,Medium Risk
772,95.43,17.53,2,7,68.25,56.67,45.91,High Risk
773,60.66,23.23,4,9,82.59,49.69,46.01,High Risk
774,72.92,9.51,2,14,86.67,58.65,46.22,High Risk
775,58.86,20.09,7,11,82.46,54.45,49.04,High Risk
776,50.2,22.15,6,26,56.16,33.39,21.28,High Risk
777,60.82,22.44,2,26,66.27,33.65,23.5,High Risk
778,69.44,22.59,8,14,72.03,56.07,51.63,Medium Risk
779,63.56,24.38,4,7,74.11,51.92,46.86,High Risk
780,59.61,29.79,8,1,82.45,71.08,67.35,Medium Risk
781,48.91,33.75,6,26,77.13,44.18,38.75,High Risk
782,68.75,18.5,6,25,58.98,43.77,33.8,High Risk
783,47.43,12.97,5,13,79.56,39.73,35.12,High Risk
784,81.4,14.58,1,20,82.33,45.11,35.71,High Risk
785,71.24,20.13,8,3,81.72,55.98,47.85,High Risk
786,48.14,21.48,5,20,87.97,45.6,40.18,High Risk
787,65.36,17.3,7,4,85.01,60.35,53.74,Medium Risk
788,58.72,12.04,0,29,80.51,36.53,25.53,High Risk
789,74.79,20.44,4,26,74.16,58.5,49.13,High Risk
790,90.11,26.81,0,11,55.07,53.44,48.94,High Risk
791,41.87,30.95,9,2,80.16,64.47,53.55,Medium Risk
792,71.73,19.43,10,14,77.49,45.73,43.14,High Risk
793,67.6,20.87,7,12,78.26,54.82,49.35,High Risk
794,80.07,15.73,7,30,59.68,42.68,37.59,High Risk
795,73.2,24.69,0,17,62.03,43.96,30.32,High Risk
796,58.72,16.52,8,12,87.64,52.75,46.59,High Risk
797,65.21,30.73,1,26,74.53,50.94,44.11,High Risk
798,58.06,7.14,8,12,83.18,52.19,44.13,High Risk
799,86.14,21.4,0,1,75.34,56.95,51.2,Medium Risk
800,70.32,28.01,9,13,75.36,54.99,50.22,Medium Risk
801,98.52,26.84,8,14,86.26,62.31,61.03,Medium Risk
802,69.09,50.0,3,24,68.81,52.56,45.28,High Risk
803,59.37,28.5,8,30,76.15,48.55,39.74,High Risk
804,47.29,14.96,6,2,69.45,57.43,50.05,Medium Risk
805,42.95,24.05,10,12,69.79,52.79,41.2,High Risk
806,46.24,7.24,5,26,71.29,35.28,29.53,High Risk
807,74.01,24.19,4,21,77.67,49.07,41.5,High Risk
808,77.63,16.67,10,28,69.26,55.22,46.04,High Risk
809,46.28,34.15,8,16,90.07,57.54,52.23,Medium Risk
810,83.43,19.5,1,4,64.26,49.41,47.6,High Risk
811,62.75,23.83,10,8,72.76,53.59,50.21,Medium Risk
812,72.2,18.64,1,2,69.72,55.94,49.1,High Risk
813,94.18,42.39,10,10,92.36,75.27,73.36,Medium Risk
814,83.45,21.79,8,9,77.36,56.92,49.47,High Risk
815,65.97,43.33,2,23,87.38,55.75,51.64,Medium Risk
816,56.63,33.14,7,15,57.17,51.51,43.74,High Risk
817,37.72,29.82,10,13,78.2,48.42,42.9,High Risk
818,59.21,28.69,8,23,85.68,57.47,51.18,Medium Risk
819,66.83,28.94,7,17,75.99,59.92,54.77,Medium Risk
820,55.19,5.72,3,30,87.79,42.82,35.57,High Risk
821,68.03,22.21,0,16,68.79,45.71,33.24,High Risk
822,71.15,33.45,3,28,91.91,49.72,46.41,High Risk
823,66.63,24.51,8,2,100.0,67.22,64.38,Medium Risk
824,60.25,10.95,1,20,70.65,43.57,36.57,High Risk
825,72.53,24.48,2,20,69.65,46.98,34.14,High Risk
826,76.63,42.04,9,27,92.44,63.24,57.55,Medium Risk
827,53.64,37.47,7,14,93.95,57.28,53.23,Medium Risk
828,91.16,24.38,5,3,68.73,53.33,47.36,High Risk
829,68.52,34.51,7,23,69.96,58.71,48.74,High Risk
830,70.28,21.33,6,12,71.62,58.17,55.08,Medium Risk
831,80.62,7.96,4,8,58.87,42.85,37.98,High Risk
832,73.5,15.76,8,2,63.98,54.01,46.79,High Risk
833,84.3,40.63,3,4,62.95,60.97,55.43,Medium Risk
834,74.31,22.26,5,14,65.79,54.89,46.95,High Risk
835,60.81,22.57,1,16,74.58,46.37,36.28,High Risk
836,75.42,22.0,1,19,77.81,56.54,46.25,High Risk
837,52.84,44.04,1,2,93.61,54.73,52.71,Medium Risk
838,71.63,41.26,9,12,63.02,58.23,55.8,Medium Risk
839,69.5,47.19,6,29,86.81,61.16,54.8,Medium Risk
840,66.88,23.41,1,14,72.43,46.54,40.93,High Risk
841,68.07,27.96,1,6,74.41,49.77,45.85,High Risk
842,41.77,9.83,8,13,83.1,48.79,36.33,High Risk
843,61.77,39.77,6,4,61.53,65.09,65.41,Medium Risk
844,71.39,13.32,10,22,79.59,52.34,46.3,High Risk
845,72.4,27.17,2,18,77.0,50.28,43.0,High Risk
846,54.58,14.03,2,12,80.91,51.33,40.88,High Risk
847,88.99,19.11,6,20,78.47,48.1,44.8,High Risk
848,57.01,16.63,4,27,100.0,49.5,40.84,High Risk
849,84.54,18.92,9,22,67.35,49.26,43.8,High Risk
850,76.41,19.61,5,30,68.63,47.89,38.29,High Risk
851,60.31,19.52,7,21,67.52,45.18,38.74,High Risk
852,96.63,33.33,8,19,68.33,64.75,57.0,Medium Risk
853,52.1,13.95,0,8,67.35,35.78,26.97,High Risk
854,83.79,27.21,2,7,89.27,50.9,49.78,High Risk
855,85.01,37.18,10,16,92.05,62.15,59.66,Medium Risk
856,59.94,19.87,6,19,68.15,44.54,36.33,High Risk
857,90.89,17.82,5,6,65.01,47.32,36.44,High Risk
858,66.25,22.69,6,20,80.66,48.67,43.99,High Risk
859,74.33,36.8,7,27,68.37,49.06,44.43,High Risk
860,73.9,26.94,5,21,82.6,56.39,48.09,High Risk
861,67.99,19.69,2,11,77.44,47.19,42.43,High Risk
862,82.16,29.84,1,5,56.81,56.2,50.7,Medium Risk
863,81.9,13.98,6,16,93.57,66.89,64.01,Medium Risk
864,43.77,31.81,10,7,96.55,70.54,67.63,Medium Risk
865,89.57,29.09,0,27,67.65,41.76,34.08,High Risk
866,45.06,21.92,2,5,70.35,43.68,36.92,High Risk
867,85.49,16.61,10,11,78.43,65.56,61.12,Medium Risk
868,86.9,16.13,3,15,79.01,43.1,36.12,High Risk
869,53.64,30.35,0,3,82.9,49.01,44.66,High Risk
870,63.84,37.29,4,26,99.12,57.84,49.23,High Risk
871,53.41,18.63,9,5,72.88,60.11,53.92,Medium Risk
872,66.78,29.58,2,23,65.42,51.04,39.38,High Risk
873,65.38,4.13,1,21,58.45,33.2,19.54,High Risk
874,81.69,19.15,2,5,66.23,47.3,42.3,High Risk
875,89.65,24.69,7,9,74.6,62.92,58.41,Medium Risk
876,90.94,15.9,5,15,96.53,53.58,49.51,High Risk
877,61.57,15.63,6,3,68.79,54.88,52.73,Medium Risk
878,66.86,18.32,5,29,77.69,47.15,40.05,High Risk
879,44.75,27.92,5,6,74.8,56.3,47.92,High Risk
880,57.91,23.13,2,17,89.26,51.8,44.07,High Risk
881,84.47,2.62,7,26,100.0,47.7,43.11,High Risk
882,94.23,3.79,6,21,68.63,44.09,36.32,High Risk
883,51.48,18.93,6,8,69.13,48.9,41.48,High Risk
884,61.11,29.58,5,21,87.53,52.47,49.81,High Risk
885,69.6,0.0,4,25,83.18,44.13,33.38,High Risk
886,74.2,20.0,9,11,97.16,61.84,57.88,Medium Risk
887,57.86,19.74,7,6,82.01,57.47,55.32,Medium Risk
888,76.36,38.88,4,8,70.69,55.64,53.16,Medium Risk
889,62.89,21.15,8,10,82.09,57.56,49.2,High Risk
890,69.78,28.83,8,24,88.3,57.84,53.25,Medium Risk
891,78.19,26.41,0,29,84.85,44.05,32.09,High Risk
892,70.1,3.69,5,3,81.09,49.05,37.39,High Risk
893,63.45,32.68,6,23,87.8,57.71,49.58,High Risk
894,68.36,27.15,2,14,89.03,50.1,43.96,High Risk
895,68.67,30.08,6,23,91.59,50.58,49.47,High Risk
896,64.45,50.0,10,14,82.78,65.34,60.89,Medium Risk
897,66.12,4.16,10,10,72.99,62.45,52.83,Medium Risk
898,93.98,42.25,6,12,76.76,62.66,58.42,Medium Risk
899,78.41,22.13,10,6,89.48,60.99,61.22,Medium Risk
900,65.57,27.87,1,12,65.2,47.62,41.21,High Risk
901,80.45,24.54,6,23,79.42,47.91,40.35,High Risk
902,64.99,20.76,0,14,70.28,36.31,28.13,High Risk
903,87.6,19.3,4,2,75.34,54.67,54.75,Medium Risk
904,75.54,28.3,8,9,90.34,62.85,58.8,Medium Risk
905,68.39,9.83,6,10,77.29,46.66,40.29,High Risk
906,76.72,32.51,6,26,75.56,59.57,50.03,Medium Risk
907,46.44,20.84,10,17,58.68,46.34,37.67,High Risk
908,53.1,13.7,1,17,83.96,43.27,32.91,High Risk
909,52.09,20.5,7,3,82.75,54.13,47.96,High Risk
910,72.14,37.57,2,30,100.0,55.37,48.97,High Risk
911,95.99,19.65,7,19,71.31,57.58,56.11,Medium Risk
912,100.0,28.58,2,1,77.63,52.25,47.92,High Risk
913,79.57,17.69,9,12,77.99,61.74,54.45,Medium Risk
914,77.51,32.58,6,7,93.93,69.62,66.5,Medium Risk
915,42.98,31.86,1,4,73.86,47.91,40.89,High Risk
916,61.86,43.49,3,10,78.35,54.66,47.12,High Risk
917,58.18,23.24,10,13,82.29,61.99,56.23,Medium Risk
918,60.69,31.69,5,2,77.24,67.58,59.49,Medium Risk
919,67.48,25.98,10,10,69.64,63.71,59.23,Medium Risk
920,62.92,37.96,8,21,77.33,57.31,54.3,Medium Risk
921,40.31,17.81,4,22,87.88,45.4,37.04,High Risk
922,81.22,32.45,8,25,62.68,51.64,43.03,High Risk
923,53.91,23.05,4,4,76.6,59.04,51.31,Medium Risk
924,73.59,24.36,9,18,66.6,55.16,52.99,Medium Risk
925,100.0,25.92,7,5,89.34,64.09,59.48,Medium Risk
926,56.21,27.52,0,19,56.72,39.48,31.59,High Risk
927,32.05,23.84,6,2,68.29,53.02,47.7,High Risk
928,65.71,27.15,3,12,79.53,58.31,50.77,Medium Risk
929,86.51,40.78,4,17,93.79,64.59,58.88,Medium Risk
930,99.38,34.85,5,10,74.21,58.08,54.29,Medium Risk
931,51.56,33.69,4,2,68.34,53.11,46.78,High Risk
932,77.45,20.44,0,6,97.57,50.85,44.9,High Risk
933,63.02,16.11,8,8,57.62,57.05,44.08,High Risk
934,68.41,34.55,1,29,48.61,38.84,27.85,High Risk
935,100.0,33.76,8,19,80.28,70.97,70.81,Medium Risk
936,47.46,39.73,9,11,68.98,65.48,58.55,Medium Risk
937,73.81,18.96,1,25,62.75,46.73,35.02,High Risk
938,77.02,22.7,8,12,83.5,65.9,57.89,Medium Risk
939,86.29,8.61,5,9,77.93,56.37,45.24,High Risk
940,71.47,21.08,10,2,68.23,62.07,55.82,Medium Risk
941,74.62,34.97,8,8,59.64,58.41,53.88,Medium Risk
942,64.13,20.34,5,26,85.47,49.23,42.04,High Risk
943,74.04,31.4,5,11,82.8,60.34,56.16,Medium Risk
944,64.85,23.09,10,28,73.81,51.48,45.35,High Risk
945,79.32,28.24,1,21,97.16,55.16,45.86,High Risk
946,64.46,13.52,7,4,62.16,49.98,42.48,High Risk
947,75.66,25.85,2,10,56.69,44.76,33.52,High Risk
948,69.56,0.0,6,21,66.7,48.42,38.84,High Risk
949,86.89,23.13,4,20,74.45,58.6,55.99,Medium Risk
950,69.23,8.7,2,16,77.92,45.92,41.7,High Risk
951,43.4,37.06,0,8,72.11,41.4,34.84,High Risk
952,88.93,32.77,7,4,79.22,68.82,67.1,Medium Risk
953,56.41,29.67,2,29,59.98,44.08,34.76,High Risk
954,60.19,40.21,1,10,92.33,54.95,50.3,Medium Risk
955,61.07,15.51,0,12,74.01,47.06,37.07,High Risk
956,90.62,42.47,3,29,88.41,54.43,49.35,High Risk
957,37.96,34.32,7,14,79.11,61.47,56.2,Medium Risk
958,100.0,22.63,2,16,80.48,56.26,50.02,Medium Risk
959,85.84,36.36,0,22,81.84,52.01,40.68,High Risk
960,73.35,13.94,3,18,80.37,48.61,43.21,High Risk
961,69.18,16.75,8,21,82.71,62.13,52.14,Medium Risk
962,74.28,18.91,0,22,90.95,46.57,39.7,High Risk
963,77.82,19.71,10,21,77.36,56.16,53.55,Medium Risk
964,79.68,14.43,1,12,83.51,49.1,41.91,High Risk
965,78.33,37.23,8,18,73.92,62.53,50.06,Medium Risk
966,71.34,22.41,1,30,92.28,47.12,36.66,High Risk
967,67.04,28.53,2,7,66.88,54.8,47.0,High Risk
968,67.73,19.3,6,20,96.61,56.48,48.61,High Risk
969,67.08,6.79,2,24,74.52,41.25,33.49,High Risk
970,87.01,27.7,8,23,57.83,52.15,44.37,High Risk
971,78.9,5.88,5,7,76.54,50.77,43.46,High Risk
972,25.89,24.31,2,9,66.83,49.7,37.61,High Risk
973,79.84,11.32,8,1,85.09,62.69,58.63,Medium Risk
974,72.92,44.87,0,26,67.17,45.34,37.63,High Risk
975,69.72,34.11,9,6,69.65,64.99,64.15,Medium Risk
976,64.17,26.06,2,6,52.33,44.69,35.51,High Risk
977,86.86,37.64,0,22,69.57,47.52,38.66,High Risk
978,84.21,16.54,1,29,45.91,21.66,10.08,High Risk
979,58.41,30.43,7,12,55.99,50.81,42.38,High Risk
980,76.11,27.0,6,22,84.12,61.11,55.8,Medium Risk
981,55.43,27.64,1,12,84.43,44.11,32.61,High Risk
982,49.31,37.72,1,10,80.11,51.0,40.72,High Risk
983,60.6,32.32,8,23,63.4,53.6,46.76,High Risk
984,82.94,27.89,5,30,74.43,39.0,31.35,High Risk
985,84.3,8.45,4,26,74.96,40.88,33.17,High Risk
986,77.7,15.4,9,6,61.1,64.51,56.23,Medium Risk
987,80.88,23.77,5,17,93.04,66.58,62.81,Medium Risk
988,77.74,25.93,8,19,85.53,63.92,55.53,Medium Risk
989,60.38,13.7,10,18,72.35,49.5,40.63,High Risk
990,76.48,49.12,6,6,75.32,64.5,58.74,Medium Risk
991,82.01,40.16,9,24,77.5,64.23,57.94,Medium Risk
992,81.31,31.02,9,19,50.5,52.93,49.23,High Risk
993,87.83,25.72,8,10,72.03,69.22,65.75,Medium Risk
994,80.62,22.88,3,24,66.82,47.67,42.67,High Risk
995,75.27,15.48,1,8,62.98,45.88,38.06,High Risk
996,86.05,25.77,7,21,71.63,55.15,47.33,High Risk
997,69.6,27.58,3,24,96.57,63.15,61.5,Medium Risk
998,56.77,12.58,8,6,82.69,59.78,53.33,Medium Risk
999,67.55,28.34,3,21,68.15,41.76,35.95,High Risk
1000,58.83,23.45,7,25,81.87,52.35,42.58,High Risk
